id,first_name,last_name,email,SMS,FAX
1,Gearalt,Kollaschek,gkollaschek0@angelfire.com,9369698995,1584312359
2,Hazel,Grealish,hgrealish1@discovery.com,3209740012,3974924877
3,Maritsa,Genicke,mgenicke2@independent.co.uk,6683116393,6895505060
4,Adelice,Blaber,ablaber3@globo.com,5726436678,8913684704
5,Sydel,Crossgrove,scrossgrove4@xinhuanet.com,9992081361,7349304547
6,Analise,Tustin,atustin5@walmart.com,7141687874,1717420599
7,Aldridge,Block,ablock6@nasa.gov,6692072620,8407004169
8,Jacklyn,Raithbie,jraithbie7@businessweek.com,3233120645,8565741313
9,Gabriel,Siflet,gsiflet8@csmonitor.com,6277436852,7226336445
10,Angy,Wanne,awanne9@simplemachines.org,4311678100,7687021280
11,Humbert,Lawlor,hlawlora@github.com,6216436500,1647638496
12,Gil,Southway,gsouthwayb@boston.com,7868944740,8946754193
13,Lethia,Spencley,lspencleyc@fda.gov,9089561551,3876020965
14,Bambie,McKitterick,bmckitterickd@google.com,3071027801,7113865163
15,Ches,Mariel,cmariele@huffingtonpost.com,2196051887,2051063284
16,Breanne,Halsted,bhalstedf@godaddy.com,6592717783,7782258373
17,Bobby,Kemson,bkemsong@4shared.com,9458590011,4298356165
18,Cicily,De Carteret,cdecartereth@cisco.com,5127923891,7095912330
19,Winnie,McGinnis,wmcginnisi@phpbb.com,8989603590,6954940678
20,Quinn,Grinston,qgrinstonj@youku.com,3454538414,7179764116
21,Augustin,Capelle,acapellek@odnoklassniki.ru,4077626625,2541910243
22,Ester,Swanton,eswantonl@walmart.com,7285246388,2553886795